{
    "entity_def": {
        "type": "vivo:InformationResource", 
        "entity_sparql": "?uri a vivo:InformationResource .", 
        "order_by": "title"
    }, 
    "column_defs": {
        "url": [
            {
                "predicate": {
                    "single": false, 
                    "ref": "vivo:webpage"
                }, 
                "object": {
                    "literal": false, 
                    "type": "vivo:URLLink", 
                    "name": "weburi", 
                    "label": "Full Text"
                }
            }, 
            {
                "predicate": {
                    "single": true, 
                    "ref": "vivo:linkURI"
                }, 
                "object": {
                    "literal": true
                }
            }
        ], 
        "doi": [
            {
                "predicate": {
                    "single": true, 
                    "ref": "bibo:doi"
                }, 
                "object": {
                    "literal": true
                }
            }
        ], 
        "title": [
            {
                "predicate": {
                    "single": true, 
                    "ref": "rdfs:label"
                }, 
                "object": {
                    "filter": "improve_title", 
                    "literal": true
                }
            }
        ]
    }
}