{
    "entity_def": {
        "type": "vivo:AwardedDegree",
        "entity_sparql": "?uri a vivo:AwardedDegree . ",
        "order_by": "person"
    }, 
    "column_defs": {
        "person": [
            {
                "predicate": {
                    "single": true,
                    "ref": "obo:RO_0002353"
                },
                "object": {
                    "literal": false,
                    "type": "vivo:EducationalProcess"
                }
            },
            {
                "predicate": {
                    "single": false,
                    "ref": "obo:RO_0000057"
                },
                "object": {
                    "literal": false,
                    "type": "foaf:Person",
                    "enum": "person_enum.txt"
                }
            }
        ],
        "degree": [
            {
                "predicate": {
                    "single": false,
                    "ref": "vivo:relates"
                },
                "object": {
                    "literal": false,
                    "type": "vivo:AcademicDegree",
                    "enum": "degree_enum.txt"
                }
            }
        ],
        "school": [
            {
                "predicate": {
                    "single": true,
                    "ref": "obo:RO_0002353"
                },
                "object": {
                    "literal": false,
                    "type": "vivo:EducationalProcess"
                }
            },
            {
                "predicate": {
                    "single": false,
                    "ref": "obo:RO_0000057"
                },
                "object": {
                    "literal": false,
                    "type": "foaf:Organization",
                    "enum": "school_enum.txt"
                }
            }
        ],
        "date": [
            {
                "predicate": {
                    "single": true,
                    "ref": "obo:RO_0002353"
                },
                "object": {
                    "literal": false,
                    "type": "vivo:EducationalProcess"
                }
            },
            {
                "predicate": {
                    "single": true,
                    "ref": "vivo:dateTimeInterval"
                },
                "object": {
                    "literal": false,
                    "type": "vivo:DateTimeInterval"
                }
            },
            {
                "predicate": {
                    "single": true,
                    "ref": "vivo:end"
                },
                "object": {
                    "literal": false,
                    "enum": "date_enum.txt"
                }
            }
        ],
        "field": [
            {
                "predicate": {
                    "single": true,
                    "ref": "obo:RO_0002353"
                },
                "object": {
                    "literal": false,
                    "type": "vivo:EducationalProcess"
                }
            },
            {
                "predicate": {
                    "single": true,
                    "ref": "vivo:majorField"
                },
                "object": {
                    "literal": true,
                    "enum": "field_enum.txt"
                }
            }
        ]
    },
    "closure_defs": {
        "person": [
            {
                "predicate": {
                    "single": false,
                    "ref": "vivo:relates"
                },
                "object": {
                    "literal": false,
                    "type": "foaf:Person",
                    "enum": "person_enum.txt"
                }
            }
        ],
        "school": [
            {
                "predicate": {
                    "single": true,
                    "ref": "vivo:assignedBy"
                },
                "object": {
                    "literal": false,
                    "type": "foaf:Organization",
                    "enum": "school_enum.txt"
                }
            }
        ]
    }
}