{
    "entity_def": {
        "type": "vivo:Grant", 
        "entity_sparql": "?uri a vivo:Grant . ",
        "order_by": "title"
    }, 
    "column_defs": {
        "DeptID": [
            {
                "predicate": {
                    "single": false,
                    "ref": "vivo:relates"
                },
                "object": {
                    "literal": false,
                    "type": "vivo:adminRole",
                    "name": "adminrole"
                }
            },
            {
                "predicate": {
                    "single": true,
                    "ref": "obo:RO_0000052"
                },
                "object": {
                    "literal": false,
                    "enum": "deptid.txt"
                }
            }
        ],
        "DirectCosts": [
            {
                "predicate": {
                    "single": true, 
                    "ref": "vivo:grantDirectCosts"
                }, 
                "object": {
                    "filter": "improve_dollar_amount",
                    "datatype": "xsd:decimal",
                    "literal": true
                }
            }
        ], 
        "CoPI": [
            {
                "predicate": {
                    "single": false, 
                    "ref": "vivo:relates"
                }, 
                "object": {
                    "literal": false, 
                    "type": "vivo:Co-principalInvestigatorRole", 
                    "name": "coirole"
                }
            }, 
            {
                "predicate": {
                    "single": true, 
                    "ref": "obo:RO_0000052"
                }, 
                "object": {
                    "literal": false,
                    "enum": "ufid.txt"
                }
            }
        ], 
        "EndDate": [
            {
                "predicate": {
                    "single": true, 
                    "ref": "vivo:dateTimeInterval"
                }, 
                "object": {
                    "literal": false, 
                    "type": "vivo:DateTimeInterval", 
                    "name": "award_period"
                }
            }, 
            {
                "predicate": {
                    "single": true, 
                    "ref": "vivo:end"
                }, 
                "object": {
                    "literal": false, 
                    "type": "vivo:DateTimeValue", 
                    "name": "end"
                }
            }, 
            {
                "predicate": {
                    "single": true, 
                    "ref": "vivo:dateTime"
                }, 
                "object": {
                    "filter": "improve_date",
                    "datatype": "xsd:datetime",
                    "literal": true
                }
            }
        ], 
        "Title": [
            {
                "predicate": {
                    "single": true, 
                    "ref": "rdfs:label"
                }, 
                "object": {
                    "filter": "improve_title",
                    "datatype": "xsd:string",
                    "literal": true
                }
            }
        ], 
        "SponsorAwardID": [
            {
                "predicate": {
                    "single": false,
                    "ref": "vivo:sponsorAwardId"
                }, 
                "object": {
                    "filter": "improve_sponsor_award_id",
                    "datatype": "xsd:string",
                    "literal": true
                }
            }
        ], 
        "Inv": [
            {
                "predicate": {
                    "single": false, 
                    "ref": "vivo:relates"
                }, 
                "object": {
                    "literal": false, 
                    "type": "vivo:InvestigatorRole", 
                    "name": "invrole"
                }
            }, 
            {
                "predicate": {
                    "single": true, 
                    "ref": "obo:RO_0000052"
                }, 
                "object": {
                    "literal": false,
                    "enum": "ufid.txt"
                }
            }
        ], 
        "SponsorID": [
            {
                "predicate": {
                    "single": true, 
                    "ref": "vivo:assignedBy"
                }, 
                "object": {
                    "literal": false,
                    "enum": "sponsorid.txt"
                }
            }
        ], 
        "AwardID": [
            {
                "predicate": {
                    "single": true, 
                    "ref": "vivo:localAwardId"
                }, 
                "object": {
                    "literal": true,
                    "datatype": "xsd:string"
                }
            }
        ], 
        "PI": [
            {
                "predicate": {
                    "single": false, 
                    "ref": "vivo:relates"
                }, 
                "object": {
                    "literal": false, 
                    "type": "vivo:PrincipalInvestigatorRole", 
                    "name": "pirole"
                }
            }, 
            {
                "predicate": {
                    "single": true, 
                    "ref": "obo:RO_0000052"
                }, 
                "object": {
                    "literal": false,
                    "enum": "ufid.txt"
                }
            }
        ], 
        "StartDate": [
            {
                "predicate": {
                    "single": true, 
                    "ref": "vivo:dateTimeInterval"
                }, 
                "object": {
                    "literal": false, 
                    "type": "vivo:DateTimeInterval", 
                    "name": "award_period"
                }
            }, 
            {
                "predicate": {
                    "single": true, 
                    "ref": "vivo:start"
                }, 
                "object": {
                    "literal": false, 
                    "type": "vivo:DateTimeValue", 
                    "name": "start"
                }
            }, 
            {
                "predicate": {
                    "single": true, 
                    "ref": "vivo:dateTime"
                }, 
                "object": {
                    "filter": "improve_date",
                    "datatype": "xsd:datetime",
                    "literal": true
                }
            }
        ], 
        "TotalAwarded": [
            {
                "predicate": {
                    "single": true, 
                    "ref": "vivo:totalAwardAmount"
                }, 
                "object": {
                    "filter": "improve_dollar_amount",
                     "datatype": "xsd:decimal",
                    "literal": true
                }
            }
        ]
    }
}