{
    "entity_def": {
        "type": "bibo:Journal",
        "entity_sparql": "?uri a bibo:Journal .",
        "order_by": "name"
    }, 
    "column_defs": {
        "name": [
            {
                "predicate": {
                    "single": true, 
                    "ref": "rdfs:label"
                }, 
                "object": {
                    "literal": true
                }
            }
        ],
        "issn": [
            {
                "predicate": {
                    "single": true,
                    "ref": "bibo:issn"
                },
                "object": {
                    "datatype": "xsd:string",
                    "literal": true
                }
            }
        ],
        "eissn": [
            {
                "predicate": {
                    "single": true,
                    "ref": "bibo:eissn"
                },
                "object": {
                    "datatype": "xsd:string",
                    "literal": true
                }
            }
        ]
    }
}