{
    "entity_def": {
        "type": "foaf:Organization", 
        "entity_sparql": "?uri a foaf:Organization .",
        "order_by": "name"
    }, 
    "column_defs": {
        "city": [
            {
                "predicate": {
                    "single": true, 
                    "ref": "obo:ARG_2000028"
                }, 
                "object": {
                    "literal": false, 
                    "type": "vcard:Kind",
                    "name": "vcard"
                }
            }, 
            {
                "predicate": {
                    "single": true, 
                    "ref": "vcard:hasAddress"
                }, 
                "object": {
                    "literal": false,
                    "type": "vcard:Address",
                    "name": "address"
                }
            },
            {
                "predicate": {
                    "single": true,
                    "ref": "vcard:locality"
                },
                "object": {
                    "literal": true,
                    "datatype": "xsd:string"
                }
            }
        ],
        "zip": [
            {
                "predicate": {
                    "single": true,
                    "ref": "obo:ARG_2000028"
                },
                "object": {
                    "literal": false,
                    "type": "vcard:Kind",
                    "name": "vcard"
                }
            },
            {
                "predicate": {
                    "single": true,
                    "ref": "vcard:hasAddress"
                },
                "object": {
                    "literal": false,
                    "type": "vcard:Address",
                    "name": "address"
                }
            },
            {
                "predicate": {
                    "single": true,
                    "ref": "vcard:postalCode"
                },
                "object": {
                    "literal": true,
                    "datatype": "xsd:string"
                }
            }
        ],
        "name": [
            {
                "predicate": {
                    "single": true, 
                    "ref": "rdfs:label"
                }, 
                "object": {
                    "literal": true,
                    "datatype": "xsd:string"
                }
            }
        ],
        "home_page": [
            {
                "predicate": {
                    "single": true,
                    "ref": "obo:ARG_2000028"
                },
                "object": {
                    "literal": false,
                    "type": "vcard:Kind",
                    "name": "vcard"
                }
            },
            {
                "predicate": {
                    "single": true,
                    "ref": "vcard:hasURL"
                },
                "object": {
                    "literal": false,
                    "type": "vcard:URL",
                    "qualifier": "?url rdfs:label \"Home Page\" .",
                    "label": "Home Page",
                    "name": "url"
                }
            },
            {
                "predicate": {
                    "single": true,
                    "ref": "vcard:url"
                },
                "object": {
                    "literal": true,
                    "datatype": "xsd:anyURI"
                }
            }
        ],
        "email": [
            {
                "predicate": {
                    "single": true,
                    "ref": "obo:ARG_2000028"
                },
                "object": {
                    "literal": false,
                    "type": "vcard:Kind",
                    "name": "vcard"
                }
            },
            {
                "predicate": {
                    "single": true,
                    "ref": "vcard:hasEmail"
                },
                "object": {
                    "literal": false,
                    "type": "vcard:Email",
                    "name": "vcardemail"
                }
            },
            {
                "predicate": {
                    "single": true,
                    "ref": "vcard:email"
                },
                "object": {
                    "literal": true,
                    "datatype": "xsd:string"
                }
            }
        ],
        "street_address": [
            {
                "predicate": {
                    "single": true,
                    "ref": "obo:ARG_2000028"
                },
                "object": {
                    "literal": false,
                    "type": "vcard:Kind",
                    "name": "vcard"
                }
            },
            {
                "predicate": {
                    "single": true,
                    "ref": "vcard:hasAddress"
                },
                "object": {
                    "literal": false,
                    "type": "vcard:Address",
                    "name": "address"
                }
            },
            {
                "predicate": {
                    "single": true,
                    "ref": "vcard:streetAddress"
                },
                "object": {
                    "literal": true,
                    "datatype": "xsd:string"
                }
            }
        ],
        "within": [
            {
                "predicate": {
                    "single": false, 
                    "ref": "obo:BFO_0000050"
                }, 
                "object": {
                    "literal": false,
                    "enum": "org_enum.txt"
                }
            }
        ], 
        "abbreviation": [
            {
                "predicate": {
                    "single": true, 
                    "ref": "vivo:abbreviation"
                }, 
                "object": {
                    "literal": true,
                    "datatype": "xsd:string"
                }
            }
        ],
        "phone": [
            {
                "predicate": {
                    "single": true,
                    "ref": "obo:ARG_2000028"
                },
                "object": {
                    "literal": false,
                    "type": "vcard:Kind",
                    "name": "vcard"
                }
            },
            {
                "predicate": {
                    "single": true,
                    "ref": "vcard:hasTelephone"
                },
                "object": {
                    "literal": false,
                    "qualifier": "NOT EXISTS { ?telephone_number a <vcard:Code> }",
                    "type": "vcard:Telephone",
                    "name": "telephone_number"
                }
            },
            {
                "predicate": {
                    "single": true,
                    "ref": "vcard:telephone"
                },
                "object": {
                    "literal": true,
                    "datatype": "xsd:string"
                }
            }
        ],
        "fax": [
            {
                "predicate": {
                    "single": true,
                    "ref": "obo:ARG_2000028"
                },
                "object": {
                    "literal": false,
                    "type": "vcard:Kind",
                    "name": "vcard"
                }
            },
            {
                "predicate": {
                    "single": true,
                    "ref": "vcard:hasTelephone"
                },
                "object": {
                    "literal": false,
                    "qualifier": "?fax_number a <vcard:Fax> .",
                    "type": "vcard:Fax",
                    "name": "fax_number"
                }
            },
            {
                "predicate": {
                    "single": true,
                    "ref": "vcard:telephone"
                },
                "object": {
                    "literal": true,
                    "datatype": "xsd:string"
                }
            }
        ],
        "state": [
            {
                "predicate": {
                    "single": true,
                    "ref": "obo:ARG_2000028"
                },
                "object": {
                    "literal": false,
                    "type": "vcard:Kind",
                    "name": "vcard"
                }
            },
            {
                "predicate": {
                    "single": true,
                    "ref": "vcard:hasAddress"
                },
                "object": {
                    "literal": false,
                    "type": "vcard:Address",
                    "name": "address"
                }
            },
            {
                "predicate": {
                    "single": true,
                    "ref": "vcard:region"
                },
                "object": {
                    "literal": true,
                    "datatype": "xsd:string"
                }
            }
        ],
        "country": [
            {
                "predicate": {
                    "single": true,
                    "ref": "obo:ARG_2000028"
                },
                "object": {
                    "literal": false,
                    "type": "vcard:Kind",
                    "name": "vcard"
                }
            },
            {
                "predicate": {
                    "single": true,
                    "ref": "vcard:hasAddress"
                },
                "object": {
                    "literal": false,
                    "type": "vcard:Address",
                    "name": "address"
                }
            },
            {
                "predicate": {
                    "single": true,
                    "ref": "vcard:country"
                },
                "object": {
                    "literal": true,
                    "datatype": "xsd:string"
                }
            }
        ],
        "overview": [
            {
                "predicate": {
                    "single": true, 
                    "ref": "vivo:overview"
                }, 
                "object": {
                    "literal": true,
                    "datatype": "xsd:string"
                }
            }
        ], 
        "type": [
            {
                "predicate": {
                    "single": false,
                    "ref": "rdf:type"
                }, 
                "object": {
                    "literal": false, 
                    "enum": "org_types.txt"
                }
            }
        ],
        "successor": [
            {
                "predicate": {
                    "single": false, 
                    "ref": "vivo:hasSuccessorOrganization"
                }, 
                "object": {
                    "literal": false,
                    "enum": "org_enum.txt"
                }
            }
        ]
    }
}