{
    "entity_def": {
        "type": "vivo:AwardReceipt",
        "entity_sparql": "?uri a vivo:AwardReceipt . ",
        "order_by": "name"
    }, 
    "column_defs": {
        "person": [
            {
                "predicate": {
                    "single": false,
                    "ref": "vivo:relates"
                },
                "object": {
                    "literal": false,
                    "qualifier": "?person a foaf:Person .",
                    "enum": "person_enum.txt"
                }
            }
        ],
        "award": [
            {
                "predicate": {
                    "single": false,
                    "ref": "vivo:relates"
                },
                "object": {
                    "literal": false,
                    "qualifier": "?award a vivo:Award .",
                    "enum": "award_enum.txt"
                }
            }
        ],
        "conferred_by": [
            {
                "predicate": {
                    "single": true,
                    "ref": "vivo:assignedBy"
                },
                "object": {
                    "literal": false,
                    "enum": "org_enum.txt"
                }
            }
        ],
        "date": [
            {
                "predicate": {
                    "single": true,
                    "ref": "vivo:dateTimeValue"
                },
                "object": {
                    "literal": false,
                    "enum": "date_enum.txt"
                }
            }
        ]
    }
}