{
    "entity_def": {
        "order_by": "sponsorid",
        "entity_sparql": "?uri a vivo:FundingOrganization . ?uri ufVivo:sponsorID ?sponsorid .",
        "type": "http://xmlns.com/foaf/0.1/Organization"
    },
    "column_defs": {
        "sponsorid": [
            {
                "predicate": {
                    "single": true,
                    "ref": "ufVivo:sponsorID"
                },
                "object": {
                    "literal": true
                }
            }
        ],
        "funder": [
            {
                "predicate": {
                    "single": "boolean",
                    "ref": "rdf:type"
                },
                "object": {
                    "literal": false,
                    "value": "vivo:FundingOrganization"
                }
            }
        ],
        "name": [
            {
                "predicate": {
                    "single": true,
                    "ref": "rdfs:label"
                },
                "object": {
                    "literal": true,
                    "filter": "improve_org_name"
                }
            }
        ]
    }
}