{
    "entity_def": {
        "order_by": "name", 
        "entity_sparql": "?uri a foaf:Person .",
        "type": "foaf:Person"
    }, 
    "column_defs": {
        "uri": [
        ],
        "remove": [
        ],
        "display_name": [
            {
                "predicate": {
                    "single": true,
                    "ref": "rdfs:label"
                },
                "object": {
                    "literal": true
                }
            }
        ],
        "first": [
            {
                "predicate": {
                    "single": true,
                    "ref": "obo:ARG_2000028"
                },
                "object": {
                    "literal": false,
                    "type": "vcard:Kind",
                    "name": "vcard"
                }
            },
            {
                "predicate": {
                    "single": true,
                    "ref": "vcard:hasName"
                },
                "object": {
                    "literal": false,
                    "type": "vcard:Name",
                    "name": "vcardname"
                }
            },
            {
                "predicate": {
                    "single": true,
                    "ref": "vcard:givenName"
                },
                "object": {
                    "literal": true,
                    "datatype": "xsd:string"
                }
            }
        ],
        "middle": [
            {
                "predicate": {
                    "single": true,
                    "ref": "obo:ARG_2000028"
                },
                "object": {
                    "literal": false,
                    "type": "vcard:Kind",
                    "name": "vcard"
                }
            },
            {
                "predicate": {
                    "single": true,
                    "ref": "vcard:hasName"
                },
                "object": {
                    "literal": false,
                    "type": "vcard:Name",
                    "name": "vcardname"
                }
            },
            {
                "predicate": {
                    "single": true,
                    "ref": "vcard:additionalName"
                },
                "object": {
                    "literal": true,
                    "datatype": "xsd:string"
                }
            }
        ],
        "last": [
            {
                "predicate": {
                    "single": true,
                    "ref": "obo:ARG_2000028"
                },
                "object": {
                    "literal": false,
                    "type": "vcard:Kind",
                    "name": "vcard"
                }
            },
            {
                "predicate": {
                    "single": true,
                    "ref": "vcard:hasName"
                },
                "object": {
                    "literal": false,
                    "type": "vcard:Name",
                    "name": "vcardname"
                }
            },
            {
                "predicate": {
                    "single": true,
                    "ref": "vcard:familyName"
                },
                "object": {
                    "literal": true,
                    "datatype": "xsd:string"
                }
            }
        ],
        "suffix": [
            {
                "predicate": {
                    "single": true,
                    "ref": "obo:ARG_2000028"
                },
                "object": {
                    "literal": false,
                    "type": "vcard:Kind",
                    "name": "vcard"
                }
            },
            {
                "predicate": {
                    "single": true,
                    "ref": "vcard:hasName"
                },
                "object": {
                    "literal": false,
                    "type": "vcard:Name",
                    "name": "vcardname"
                }
            },
            {
                "predicate": {
                    "single": true,
                    "ref": "vcard:honorificSuffix"
                },
                "object": {
                    "literal": true,
                    "datatype": "xsd:string"
                }
            }
        ],
        "corresponding": [
            {
                 "predicate": {
                    "single": false,
                    "ref": "vivo:relatedBy"
                },
                "object": {
                    "literal": false,
                    "type": "vivo:isCorrespondingAuthor",
                    "name": "correspondingAuthor"
                }
            },
            {
                "predicate": {
                    "single": true,
                    "ref": "vivo:isCorrespondingAuthor"
                },
                "object": {
                    "literal": true,
                    "type": "xsd:boolean"
                }
            }
        ],
        "uf": [
            {
                "predicate": {
                    "single": false,
                    "ref": "rdf:type"
                },
                "object": {
                    "literal": false,
                    "enum": "author_types.txt"
                }
            }
        ]
    }
}
