{
    "entity_def": {
        "type": "vivo:InformationResource", 
        "entity_sparql": "?uri a vivo:InformationResource .", 
        "order_by": "title"
    }, 
    "column_defs": {
        "full_text_url": [
            {
                "predicate": {
                    "single": true,
                    "ref": "obo:ARG_2000028"
                },
                "object": {
                    "literal": false,
                    "type": "vcard:Kind",
                    "name": "vcard"
                }
            },
            {
                "predicate": {
                    "single": true,
                    "ref": "vcard:hasURL"
                },
                "object": {
                    "literal": false,
                    "type": "vcard:URL",
                    "qualifier": "?url rdfs:label \"Full Text\" .",
                    "label": "Full Text",
                    "name": "url"
                }
            },
            {
                "predicate": {
                    "single": true,
                    "ref": "vcard:url"
                },
                "object": {
                    "literal": true,
                    "datatype": "xsd:string"
                }
            }
        ], 
        "doi": [
            {
                "predicate": {
                    "single": true, 
                    "ref": "bibo:doi"
                }, 
                "object": {
                    "literal": true
                }
            }
        ], 
        "title": [
            {
                "predicate": {
                    "single": true, 
                    "ref": "rdfs:label"
                }, 
                "object": {
                    "filter": "improve_title", 
                    "literal": true
                }
            }
        ]
    }
}