{
    "entity_def": {
        "type": "vivo:Publisher",
        "entity_sparql": "?uri a vivo:Publisher .",
        "order_by": "name"
    }, 
    "column_defs": {
        "name": [
            {
                "predicate": {
                    "single": true, 
                    "ref": "rdfs:label"
                }, 
                "object": {
                    "literal": true,
                    "filter": "improve_org_name"
                }
            }
        ],
        "type": [
            {
                "predicate": {
                    "single": false, 
                    "include": [
                        "thing", 
                        "agent", 
                        "org"
                    ], 
                    "ref": "rdf:type"
                }, 
                "object": {
                    "literal": false, 
                    "enum": "org_types.txt"
                }
            }
        ]
    }
}