{
    "entity_def": {
        "order_by": "date",
        "entity_sparql": "?uri a vivo:DateTimeValue .",
        "type": "vivo:DateTimeValue"
    }, 
    "column_defs": {
        "precision": [
            {
                "predicate": {
                    "single": true,
                    "ref": "vivo:dateTimePrecision"
                },
                "object": {
                    "literal": false,
                    "enum": "datetime_precision_enum.txt"
                }
            }
        ],
        "date": [
            {
                "predicate": {
                    "single": true,
                    "ref": "vivo:dateTime"
                },
                "object": {
                    "literal": true,
                    "datatype": "xsd:datetime"
                }
            }
        ]
    }
}