{
    "entity_def": {
        "order_by": "ccn",
        "entity_sparql": "?uri a vivo:Course . ",
        "type": "vivo:Course"
    },
    "column_defs": {
        "ccn": [
            {
                "predicate": {
                    "single": true,
                    "ref": "uf:ccn"
                },
                "object": {
                    "datatype": "xsd:string",
                    "literal": true
                }
            }
        ],
        "title": [
            {
                "predicate": {
                    "single": true,
                    "ref": "rdfs:label"
                },
                "object": {
                    "datatype": "xsd:string",
                    "literal": true
                }
            }
        ]
    }
}