{
    "entity_def": {
        "order_by": "name",
        "entity_sparql": "?uri a vivo:PopulatedPlace .",
        "type": "vivo:PopulatedPlace"
    }, 
    "column_defs": {
        "name": [
            {
                "predicate": {
                    "single": true,
                    "ref": "rdfs:label"
                },
                "object": {
                    "literal": true,
                    "lang": "en-US"
                }
            }
        ],
        "state": [
            {
                "predicate": {
                    "single": true,
                    "ref": "obo:BFO_0000050"
                },
                "object": {
                    "literal": false,
                    "enum": "states_enum.txt"
                }
            }
        ],
        "lat": [
            {
                "predicate": {
                    "single": true, 
                    "ref": "wgs84:lat"
                }, 
                "object": {
                    "literal": true,
                    "datatype": "xsd:decimal"
                }
            }
        ],
        "long": [
            {
                "predicate": {
                    "single": true,
                    "ref": "wgs84:long"
                },
                "object": {
                    "literal": true,
                    "datatype": "xsd:decimal"
                }
            }
        ]
    }
}