{
    "entity_def": {
        "entity_sparql": "?uri a vivo:GeographicLocation .",
        "type": "vivo:GeographicLocation"
    }, 
    "column_defs": {
        "name": [
            {
                "predicate": {
                    "single": true,
                    "ref": "rdfs:label"
                },
                "object": {
                    "literal": true,
                    "lang": "en-US"
                }
            }
        ],
        "types": [
            {
                "predicate": {
                    "single": false,
                    "ref": "rdf:type",
                    "include": [
                        "loc"
                    ]
                },
                "object": {
                    "literal": false,
                    "enum": "location_types.txt"
                }
            }
        ],
        "within": [
            {
                "predicate": {
                    "single": true,
                    "ref": "obo:BFO_0000050"
                },
                "object": {
                    "literal": false,
                    "enum": "location_enum.txt"
                }
            }
        ],
        "lat": [
            {
                "predicate": {
                    "single": true, 
                    "ref": "wgs84:lat"
                }, 
                "object": {
                    "literal": true,
                    "datatype": "xsd:decimal"
                }
            }
        ],
        "long": [
            {
                "predicate": {
                    "single": true,
                    "ref": "wgs84:long"
                },
                "object": {
                    "literal": true,
                    "datatype": "xsd:decimal"
                }
            }
        ]
    }
}