{
    "entity_def": {
        "order_by": "label",
        "entity_sparql": "?uri a skos:Concept .",
        "type": "skos:Concept"
    }, 
    "column_defs": {
        "label": [
            {
                "predicate": {
                    "single": true,
                    "ref": "rdfs:label"
                },
                "object": {
                    "literal": true,
                    "lang": "en-US"
                }
            }
        ],
        "narrower": [
            {
                "predicate": {
                    "single": true,
                    "ref": "skos:narrower"
                },
                "object": {
                    "literal": false,
                    "enum": "concept_enum.txt"
                }
            }
        ],
        "broader": [
            {
                "predicate": {
                    "single": true,
                    "ref": "skos:broader"
                },
                "object": {
                    "literal": false,
                    "enum": "concept_enum.txt"
                }
            }
        ]
    }
}