{
    "entity_def": {
        "type": "vivo:AdvisingRelationship",
        "entity_sparql": "?uri a vivo:AdvisingRelationship . "
    }, 
    "column_defs": {
        "advisor": [
            {
                "predicate": {
                    "single": true,
                    "ref": "vivo:relates"
                },
                "object": {
                    "literal": false,
                    "type": "vivo:AdvisorRole"
                }
            },
            {
                "predicate": {
                    "single": true,
                    "ref": "obo:RO_0000052"

                },
                "object": {
                    "literal": false,
                    "type": "foaf:Person",
                    "enum": "orcid_enum.txt"
                }
            }
        ],
        "fac": [
            {
                "predicate": {
                    "single": "boolean",
                    "ref": "rdf:type"
                },
                "object": {
                    "literal": false,
                    "value": "vivo:FacultyMentoringRelationship"
                }
            }
        ],
        "grad": [
            {
                "predicate": {
                    "single": "boolean",
                    "ref": "rdf:type"
                },
                "object": {
                    "literal": false,
                    "value": "vivo:GraduateAdvisingRelationship"
                }
            }
        ],
        "undergrad": [
            {
                "predicate": {
                    "single": "boolean",
                    "ref": "rdf:type"
                },
                "object": {
                    "literal": false,
                    "value": "vivo:UndergraduateAdvisingRelationship"
                }
            }
        ],
        "postdoc": [
            {
                "predicate": {
                    "single": "boolean",
                    "ref": "rdf:type"
                },
                "object": {
                    "literal": false,
                    "value": "vivo:PostdocOrFellowAdvisingRelationship"
                }
            }
        ],
        "advisee": [
            {
                "predicate": {
                    "single": true,
                    "ref": "vivo:relates"
                },
                "object": {
                    "literal": false,
                    "type": "vivo:AdviseeRole"
                }
            },
            {
                "predicate": {
                    "single": true,
                    "ref": "obo:RO_0000052"

                },
                "object": {
                    "literal": false,
                    "type": "foaf:Person",
                    "enum": "orcid_enum.txt"
                }
            }
        ],
        "subject_areas": [
            {
                "predicate": {
                    "single": false,
                    "ref": "vivo:hasSubjectArea"
                },
                "object": {
                    "literal": false,
                    "type": "skos:Concept",
                    "enum": "concept_enum.txt"
                }
            }
        ],
        "degree": [
            {
                "predicate": {
                    "single": true,
                    "ref": "vivo:degreeCandidacy"
                },
                "object": {
                    "literal": false,
                    "type": "vivo:AcademicDegree",
                    "enum": "degree_enum.txt"
                }
            }
        ],
        "start_date": [
            {
                "predicate": {
                    "single": true,
                    "ref": "vivo:dateTimeInterval"
                },
                "object": {
                    "literal": false,
                    "type": "vivo:DateTimeInterval"
                }
            },
            {
                "predicate": {
                    "single": true,
                    "ref": "vivo:start"
                },
                "object": {
                    "literal": false,
                    "type": "vivo:DateTimeValue",
                    "enum": "date_enum.txt"
                }
            }
        ],
        "end_date": [
            {
                "predicate": {
                    "single": true,
                    "ref": "vivo:dateTimeInterval"
                },
                "object": {
                    "literal": false,
                    "type": "vivo:DateTimeInterval"
                }
            },
            {
                "predicate": {
                    "single": true,
                    "ref": "vivo:end"
                },
                "object": {
                    "literal": false,
                    "type": "vivo:DateTimeValue",
                    "enum": "date_enum.txt"
                }
            }
        ]
    },
    "closure_defs": {
        "advisor": [
            {
                "predicate": {
                    "single": false,
                    "ref": "vivo:relates"
                },
                "object": {
                    "literal": false,
                    "type": "foaf:Person",
                    "enum": "orcid_enum.txt"
                }
            }
        ],
        "advisee": [
             {
                "predicate": {
                    "single": false,
                    "ref": "vivo:relates"
                },
                "object": {
                    "literal": false,
                    "type": "foaf:Person",
                    "enum": "orcid_enum.txt"
                }
             }
        ]
    }
}