{
    "entity_def": {
        "order_by": "ufid",
        "entity_sparql": "?uri a vivo:Position . ",
        "type": "vivo:Position"
    }, 
    "column_defs": {
        "UFID": [
            {
                "predicate": {
                    "single": false,
                    "ref": "vivo:relates"
                },
                "object": {
                    "literal": false,
                    "qualifier": "?person a foaf:Person .",
                    "type": "foaf:Person",
                    "name": "person",
                    "enum": "ufid.txt"
                }
            }
        ],
        "DEPTID": [
            {
                "predicate": {
                    "single": false,
                    "ref": "vivo:relates"
                },
                "object": {
                    "literal": false,
                    "qualifier": "?org a foaf:Organization .",
                    "type": "foaf:Organization",
                    "name": "org",
                    "enum": "deptid.txt"
                }
            }
        ],
        "SAL_ADMIN_PLAN": [
                    {
                "predicate": {
                    "single": false,
                    "ref": "rdf:type"
                },
                "object": {
                    "literal": false,
                    "enum": "salary_plan_enum.txt"
                }
            }
        ],
        "START_DATE": [
            {
                "predicate": {
                    "single": true, 
                    "ref": "vivo:dateTimeInterval"
                }, 
                "object": {
                    "literal": false, 
                    "type": "vivo:DateTimeInterval", 
                    "name": "employment_period"
                }
            }, 
            {
                "predicate": {
                    "single": true, 
                    "ref": "vivo:start"
                }, 
                "object": {
                    "literal": false, 
                    "type": "vivo:DateTimeValue", 
                    "name": "end"
                }
            }, 
            {
                "predicate": {
                    "single": true, 
                    "ref": "vivo:dateTime"
                }, 
                "object": {
                    "filter": "improve_date",
                    "datatype": "xsd:datetime",
                    "literal": true
                }
            }
        ],
        "END_DATE": [
            {
                "predicate": {
                    "single": true, 
                    "ref": "vivo:dateTimeInterval"
                }, 
                "object": {
                    "literal": false, 
                    "type": "vivo:DateTimeInterval", 
                    "name": "employment_period"
                }
            }, 
            {
                "predicate": {
                    "single": true, 
                    "ref": "vivo:end"
                }, 
                "object": {
                    "literal": false, 
                    "type": "vivo:DateTimeValue", 
                    "name": "end"
                }
            }, 
            {
                "predicate": {
                    "single": true, 
                    "ref": "vivo:dateTime"
                }, 
                "object": {
                    "filter": "improve_date",
                    "datatype": "xsd:datetime",
                    "literal": true
                }
            }
        ],
        "title": [
            {
                "predicate": {
                    "single": true, 
                    "ref": "rdfs:label"
                }, 
                "object": {
                    "literal": true
                }
            }
        ],
        "remove": [
        ],
        "hr_title": [
            {
                "predicate": {
                    "single": true, 
                    "ref": "uf:hrTitle"
                }, 
                "object": {
                    "literal": true
                }
            }
        ]
    }
}