{
    "entity_def": {
        "type": "vivo:Course",
        "entity_sparql": "?uri a vivo:Course .",
        "order_by": "name"
    }, 
    "column_defs": {  
        "name": [
            {
                "predicate": {
                    "single": true, 
                    "ref": "rdfs:label"
                }, 
                "object": {
                    "literal": true
                }
            }
        ],
        "concepts": [
            {
                "predicate": {
                    "single": false,
                    "ref": "vivo:hasSubjectArea"
                },
                "object": {
                    "literal": false,
                    "enum": "concept_enum.txt"
                }
            }
        ]
    }
}