{
    "entity_def": {
        "type": "vivo:TeacherRole",
        "entity_sparql": "?uri a vivo:TeacherRole .",
        "order_by": "course"
    }, 
    "column_defs": {
        "course": [
            {
                "predicate": {
                    "single": true,
                    "ref": "obo:BFO_0000054"
                },
                "object": {
                    "literal": false,
                    "enum": "course_enum.txt"
                }
            }
        ],
        "instructor": [
            {
                "predicate": {
                    "single": true, 
                    "ref": "obo:RO_0000052"
                }, 
                "object": {
                    "literal": false,
                    "enum": "orcid_enum.txt"
                }
            }
        ],
        "start_date": [
            {
                "predicate": {
                    "single": true,
                    "ref": "vivo:dateTimeInterval"
                },
                "object": {
                    "literal": false,
                    "type": "vivo:DateTimeInterval",
                    "name": "teaching_period"
                }
            },
            {
                "predicate": {
                    "single": true,
                    "ref": "vivo:start"
                },
                "object": {
                    "literal": false,
                    "enum": "date_enum.txt"
                }
            }
        ],
        "end_date": [
            {
                "predicate": {
                    "single": true,
                    "ref": "vivo:dateTimeInterval"
                },
                "object": {
                    "literal": false,
                    "type": "vivo:DateTimeInterval",
                    "name": "teaching_period"
                }
            },
            {
                "predicate": {
                    "single": true,
                    "ref": "vivo:end"
                },
                "object": {
                    "literal": false,
                    "enum": "date_enum.txt"
                }
            }
        ]
    },
    "closure_defs": {
        "course": [
            {
                "predicate": {
                    "single": true,
                    "ref": "obo:RO_0000052"
                },
                "object": {
                    "literal": false,
                    "type": "foaf:Person",
                    "name": "instructor"
                }
            },
            {
                "predicate": {
                    "single": true,
                    "ref": "obo:BFO_0000056"
                },
                "object": {
                    "literal": false,
                    "enum": "data/course_enum.txt"
                }
            }
        ]
    }
}